"Program","Year","Period","Week Ending","Geo Level","State","State ANSI","Ag District","Ag District Code","County","County ANSI","Zip Code","Region","watershed_code","Watershed","Commodity","Data Item","Domain","Domain Category","Value","CV (%)"
"SURVEY","2023","YEAR","","COUNTY","NEBRASKA","31","EAST","60","DOUGLAS","055","","","00000000","","SOYBEANS","SOYBEANS - YIELD, MEASURED IN BU / ACRE","TOTAL","NOT SPECIFIED","41.4","4.4"
"SURVEY","2022","YEAR","","COUNTY","NEBRASKA","31","EAST","60","DOUGLAS","055","","","00000000","","SOYBEANS","SOYBEANS - YIELD, MEASURED IN BU / ACRE","TOTAL","NOT SPECIFIED","43","5.0"
"SURVEY","2021","YEAR","","COUNTY","NEBRASKA","31","EAST","60","DOUGLAS","055","","","00000000","","SOYBEANS","SOYBEANS - YIELD, MEASURED IN BU / ACRE","TOTAL","NOT SPECIFIED","59","4.8"
"SURVEY","2020","YEAR","","COUNTY","NEBRASKA","31","EAST","60","DOUGLAS","055","","","00000000","","SOYBEANS","SOYBEANS - YIELD, MEASURED IN BU / ACRE","TOTAL","NOT SPECIFIED","52.6","4.7"
"SURVEY","2019","YEAR","","COUNTY","NEBRASKA","31","EAST","60","DOUGLAS","055","","","00000000","","SOYBEANS","SOYBEANS - YIELD, MEASURED IN BU / ACRE","TOTAL","NOT SPECIFIED","53.4",""
"SURVEY","2018","YEAR","","COUNTY","NEBRASKA","31","EAST","60","DOUGLAS","055","","","00000000","","SOYBEANS","SOYBEANS - YIELD, MEASURED IN BU / ACRE","TOTAL","NOT SPECIFIED","59.6",""
"SURVEY","2018","YEAR","","COUNTY","NEBRASKA","31","EAST","60","DOUGLAS","055","","","00000000","","SOYBEANS","SOYBEANS, IRRIGATED - YIELD, MEASURED IN BU / ACRE","TOTAL","NOT SPECIFIED","63",""
"SURVEY","2018","YEAR","","COUNTY","NEBRASKA","31","EAST","60","DOUGLAS","055","","","00000000","","SOYBEANS","SOYBEANS, NON-IRRIGATED - YIELD, MEASURED IN BU / ACRE","TOTAL","NOT SPECIFIED","58.4",""
"SURVEY","2017","YEAR","","COUNTY","NEBRASKA","31","EAST","60","DOUGLAS","055","","","00000000","","SOYBEANS","SOYBEANS - YIELD, MEASURED IN BU / ACRE","TOTAL","NOT SPECIFIED","54.2",""
"SURVEY","2017","YEAR","","COUNTY","NEBRASKA","31","EAST","60","DOUGLAS","055","","","00000000","","SOYBEANS","SOYBEANS, IRRIGATED - YIELD, MEASURED IN BU / ACRE","TOTAL","NOT SPECIFIED","61.7",""
"SURVEY","2017","YEAR","","COUNTY","NEBRASKA","31","EAST","60","DOUGLAS","055","","","00000000","","SOYBEANS","SOYBEANS, NON-IRRIGATED - YIELD, MEASURED IN BU / ACRE","TOTAL","NOT SPECIFIED","52",""
"SURVEY","2016","YEAR","","COUNTY","NEBRASKA","31","EAST","60","DOUGLAS","055","","","00000000","","SOYBEANS","SOYBEANS - YIELD, MEASURED IN BU / ACRE","TOTAL","NOT SPECIFIED","61.2",""
"SURVEY","2016","YEAR","","COUNTY","NEBRASKA","31","EAST","60","DOUGLAS","055","","","00000000","","SOYBEANS","SOYBEANS, IRRIGATED - YIELD, MEASURED IN BU / ACRE","TOTAL","NOT SPECIFIED","66",""
"SURVEY","2016","YEAR","","COUNTY","NEBRASKA","31","EAST","60","DOUGLAS","055","","","00000000","","SOYBEANS","SOYBEANS, NON-IRRIGATED - YIELD, MEASURED IN BU / ACRE","TOTAL","NOT SPECIFIED","60.1",""
"SURVEY","2015","YEAR","","COUNTY","NEBRASKA","31","EAST","60","DOUGLAS","055","","","00000000","","SOYBEANS","SOYBEANS - YIELD, MEASURED IN BU / ACRE","TOTAL","NOT SPECIFIED","56.1",""
"SURVEY","2015","YEAR","","COUNTY","NEBRASKA","31","EAST","60","DOUGLAS","055","","","00000000","","SOYBEANS","SOYBEANS, IRRIGATED - YIELD, MEASURED IN BU / ACRE","TOTAL","NOT SPECIFIED","57.5",""
"SURVEY","2015","YEAR","","COUNTY","NEBRASKA","31","EAST","60","DOUGLAS","055","","","00000000","","SOYBEANS","SOYBEANS, NON-IRRIGATED - YIELD, MEASURED IN BU / ACRE","TOTAL","NOT SPECIFIED","55.7",""
"SURVEY","2014","YEAR","","COUNTY","NEBRASKA","31","EAST","60","DOUGLAS","055","","","00000000","","SOYBEANS","SOYBEANS - YIELD, MEASURED IN BU / ACRE","TOTAL","NOT SPECIFIED","52.3",""
"SURVEY","2014","YEAR","","COUNTY","NEBRASKA","31","EAST","60","DOUGLAS","055","","","00000000","","SOYBEANS","SOYBEANS, IRRIGATED - YIELD, MEASURED IN BU / ACRE","TOTAL","NOT SPECIFIED","58.5",""
"SURVEY","2014","YEAR","","COUNTY","NEBRASKA","31","EAST","60","DOUGLAS","055","","","00000000","","SOYBEANS","SOYBEANS, NON-IRRIGATED - YIELD, MEASURED IN BU / ACRE","TOTAL","NOT SPECIFIED","50.8",""
"SURVEY","2013","YEAR","","COUNTY","NEBRASKA","31","EAST","60","DOUGLAS","055","","","00000000","","SOYBEANS","SOYBEANS - YIELD, MEASURED IN BU / ACRE","TOTAL","NOT SPECIFIED","47.7",""
"SURVEY","2013","YEAR","","COUNTY","NEBRASKA","31","EAST","60","DOUGLAS","055","","","00000000","","SOYBEANS","SOYBEANS, IRRIGATED - YIELD, MEASURED IN BU / ACRE","TOTAL","NOT SPECIFIED","61.6",""
"SURVEY","2013","YEAR","","COUNTY","NEBRASKA","31","EAST","60","DOUGLAS","055","","","00000000","","SOYBEANS","SOYBEANS, NON-IRRIGATED - YIELD, MEASURED IN BU / ACRE","TOTAL","NOT SPECIFIED","45.2",""
"SURVEY","2012","YEAR","","COUNTY","NEBRASKA","31","EAST","60","DOUGLAS","055","","","00000000","","SOYBEANS","SOYBEANS - YIELD, MEASURED IN BU / ACRE","TOTAL","NOT SPECIFIED","30.4",""
"SURVEY","2012","YEAR","","COUNTY","NEBRASKA","31","EAST","60","DOUGLAS","055","","","00000000","","SOYBEANS","SOYBEANS, IRRIGATED - YIELD, MEASURED IN BU / ACRE","TOTAL","NOT SPECIFIED","48",""
"SURVEY","2012","YEAR","","COUNTY","NEBRASKA","31","EAST","60","DOUGLAS","055","","","00000000","","SOYBEANS","SOYBEANS, NON-IRRIGATED - YIELD, MEASURED IN BU / ACRE","TOTAL","NOT SPECIFIED","26.8",""
"SURVEY","2011","YEAR","","COUNTY","NEBRASKA","31","EAST","60","DOUGLAS","055","","","00000000","","SOYBEANS","SOYBEANS - YIELD, MEASURED IN BU / ACRE","TOTAL","NOT SPECIFIED","49.2",""
"SURVEY","2011","YEAR","","COUNTY","NEBRASKA","31","EAST","60","DOUGLAS","055","","","00000000","","SOYBEANS","SOYBEANS, IRRIGATED - YIELD, MEASURED IN BU / ACRE","TOTAL","NOT SPECIFIED","52",""
"SURVEY","2011","YEAR","","COUNTY","NEBRASKA","31","EAST","60","DOUGLAS","055","","","00000000","","SOYBEANS","SOYBEANS, NON-IRRIGATED - YIELD, MEASURED IN BU / ACRE","TOTAL","NOT SPECIFIED","48.6",""
"SURVEY","2010","YEAR","","COUNTY","NEBRASKA","31","EAST","60","DOUGLAS","055","","","00000000","","SOYBEANS","SOYBEANS - YIELD, MEASURED IN BU / ACRE","TOTAL","NOT SPECIFIED","48.8",""
"SURVEY","2010","YEAR","","COUNTY","NEBRASKA","31","EAST","60","DOUGLAS","055","","","00000000","","SOYBEANS","SOYBEANS, IRRIGATED - YIELD, MEASURED IN BU / ACRE","TOTAL","NOT SPECIFIED","48",""
"SURVEY","2010","YEAR","","COUNTY","NEBRASKA","31","EAST","60","DOUGLAS","055","","","00000000","","SOYBEANS","SOYBEANS, NON-IRRIGATED - YIELD, MEASURED IN BU / ACRE","TOTAL","NOT SPECIFIED","49",""
"SURVEY","2009","YEAR","","COUNTY","NEBRASKA","31","EAST","60","DOUGLAS","055","","","00000000","","SOYBEANS","SOYBEANS - YIELD, MEASURED IN BU / ACRE","TOTAL","NOT SPECIFIED","54.5",""
"SURVEY","2009","YEAR","","COUNTY","NEBRASKA","31","EAST","60","DOUGLAS","055","","","00000000","","SOYBEANS","SOYBEANS, IRRIGATED - YIELD, MEASURED IN BU / ACRE","TOTAL","NOT SPECIFIED","61",""
"SURVEY","2009","YEAR","","COUNTY","NEBRASKA","31","EAST","60","DOUGLAS","055","","","00000000","","SOYBEANS","SOYBEANS, NON-IRRIGATED - YIELD, MEASURED IN BU / ACRE","TOTAL","NOT SPECIFIED","53",""
"SURVEY","2008","YEAR","","COUNTY","NEBRASKA","31","EAST","60","DOUGLAS","055","","","00000000","","SOYBEANS","SOYBEANS - YIELD, MEASURED IN BU / ACRE","TOTAL","NOT SPECIFIED","35",""
"SURVEY","2008","YEAR","","COUNTY","NEBRASKA","31","EAST","60","DOUGLAS","055","","","00000000","","SOYBEANS","SOYBEANS, IRRIGATED - YIELD, MEASURED IN BU / ACRE","TOTAL","NOT SPECIFIED","42",""
"SURVEY","2008","YEAR","","COUNTY","NEBRASKA","31","EAST","60","DOUGLAS","055","","","00000000","","SOYBEANS","SOYBEANS, NON-IRRIGATED - YIELD, MEASURED IN BU / ACRE","TOTAL","NOT SPECIFIED","33",""
"SURVEY","2007","YEAR","","COUNTY","NEBRASKA","31","EAST","60","DOUGLAS","055","","","00000000","","SOYBEANS","SOYBEANS - YIELD, MEASURED IN BU / ACRE","TOTAL","NOT SPECIFIED","52.9",""
"SURVEY","2007","YEAR","","COUNTY","NEBRASKA","31","EAST","60","DOUGLAS","055","","","00000000","","SOYBEANS","SOYBEANS, IRRIGATED - YIELD, MEASURED IN BU / ACRE","TOTAL","NOT SPECIFIED","52",""
"SURVEY","2007","YEAR","","COUNTY","NEBRASKA","31","EAST","60","DOUGLAS","055","","","00000000","","SOYBEANS","SOYBEANS, NON-IRRIGATED - YIELD, MEASURED IN BU / ACRE","TOTAL","NOT SPECIFIED","53",""
"SURVEY","2006","YEAR","","COUNTY","NEBRASKA","31","EAST","60","DOUGLAS","055","","","00000000","","SOYBEANS","SOYBEANS - YIELD, MEASURED IN BU / ACRE","TOTAL","NOT SPECIFIED","43.5",""
"SURVEY","2006","YEAR","","COUNTY","NEBRASKA","31","EAST","60","DOUGLAS","055","","","00000000","","SOYBEANS","SOYBEANS, IRRIGATED - YIELD, MEASURED IN BU / ACRE","TOTAL","NOT SPECIFIED","51",""
"SURVEY","2006","YEAR","","COUNTY","NEBRASKA","31","EAST","60","DOUGLAS","055","","","00000000","","SOYBEANS","SOYBEANS, NON-IRRIGATED - YIELD, MEASURED IN BU / ACRE","TOTAL","NOT SPECIFIED","42",""
"SURVEY","2005","YEAR","","COUNTY","NEBRASKA","31","EAST","60","DOUGLAS","055","","","00000000","","SOYBEANS","SOYBEANS - YIELD, MEASURED IN BU / ACRE","TOTAL","NOT SPECIFIED","45.7",""
"SURVEY","2005","YEAR","","COUNTY","NEBRASKA","31","EAST","60","DOUGLAS","055","","","00000000","","SOYBEANS","SOYBEANS, IRRIGATED - YIELD, MEASURED IN BU / ACRE","TOTAL","NOT SPECIFIED","51",""
"SURVEY","2005","YEAR","","COUNTY","NEBRASKA","31","EAST","60","DOUGLAS","055","","","00000000","","SOYBEANS","SOYBEANS, NON-IRRIGATED - YIELD, MEASURED IN BU / ACRE","TOTAL","NOT SPECIFIED","45",""
"SURVEY","2004","YEAR","","COUNTY","NEBRASKA","31","EAST","60","DOUGLAS","055","","","00000000","","SOYBEANS","SOYBEANS - YIELD, MEASURED IN BU / ACRE","TOTAL","NOT SPECIFIED","44.8",""
"SURVEY","2004","YEAR","","COUNTY","NEBRASKA","31","EAST","60","DOUGLAS","055","","","00000000","","SOYBEANS","SOYBEANS, IRRIGATED - YIELD, MEASURED IN BU / ACRE","TOTAL","NOT SPECIFIED","48",""
"SURVEY","2004","YEAR","","COUNTY","NEBRASKA","31","EAST","60","DOUGLAS","055","","","00000000","","SOYBEANS","SOYBEANS, NON-IRRIGATED - YIELD, MEASURED IN BU / ACRE","TOTAL","NOT SPECIFIED","44",""
"SURVEY","2003","YEAR","","COUNTY","NEBRASKA","31","EAST","60","DOUGLAS","055","","","00000000","","SOYBEANS","SOYBEANS - YIELD, MEASURED IN BU / ACRE","TOTAL","NOT SPECIFIED","31.6",""
"SURVEY","2003","YEAR","","COUNTY","NEBRASKA","31","EAST","60","DOUGLAS","055","","","00000000","","SOYBEANS","SOYBEANS, IRRIGATED - YIELD, MEASURED IN BU / ACRE","TOTAL","NOT SPECIFIED","42",""
"SURVEY","2003","YEAR","","COUNTY","NEBRASKA","31","EAST","60","DOUGLAS","055","","","00000000","","SOYBEANS","SOYBEANS, NON-IRRIGATED - YIELD, MEASURED IN BU / ACRE","TOTAL","NOT SPECIFIED","30",""
"SURVEY","2002","YEAR","","COUNTY","NEBRASKA","31","EAST","60","DOUGLAS","055","","","00000000","","SOYBEANS","SOYBEANS - YIELD, MEASURED IN BU / ACRE","TOTAL","NOT SPECIFIED","35.1",""
"SURVEY","2002","YEAR","","COUNTY","NEBRASKA","31","EAST","60","DOUGLAS","055","","","00000000","","SOYBEANS","SOYBEANS, IRRIGATED - YIELD, MEASURED IN BU / ACRE","TOTAL","NOT SPECIFIED","41",""
"SURVEY","2002","YEAR","","COUNTY","NEBRASKA","31","EAST","60","DOUGLAS","055","","","00000000","","SOYBEANS","SOYBEANS, NON-IRRIGATED - YIELD, MEASURED IN BU / ACRE","TOTAL","NOT SPECIFIED","34",""
"SURVEY","2001","YEAR","","COUNTY","NEBRASKA","31","EAST","60","DOUGLAS","055","","","00000000","","SOYBEANS","SOYBEANS - YIELD, MEASURED IN BU / ACRE","TOTAL","NOT SPECIFIED","45.7",""
"SURVEY","2001","YEAR","","COUNTY","NEBRASKA","31","EAST","60","DOUGLAS","055","","","00000000","","SOYBEANS","SOYBEANS, IRRIGATED - YIELD, MEASURED IN BU / ACRE","TOTAL","NOT SPECIFIED","50",""
"SURVEY","2001","YEAR","","COUNTY","NEBRASKA","31","EAST","60","DOUGLAS","055","","","00000000","","SOYBEANS","SOYBEANS, NON-IRRIGATED - YIELD, MEASURED IN BU / ACRE","TOTAL","NOT SPECIFIED","45",""
"SURVEY","2000","YEAR","","COUNTY","NEBRASKA","31","EAST","60","DOUGLAS","055","","","00000000","","SOYBEANS","SOYBEANS - YIELD, MEASURED IN BU / ACRE","TOTAL","NOT SPECIFIED","41",""
"SURVEY","2000","YEAR","","COUNTY","NEBRASKA","31","EAST","60","DOUGLAS","055","","","00000000","","SOYBEANS","SOYBEANS, IRRIGATED - YIELD, MEASURED IN BU / ACRE","TOTAL","NOT SPECIFIED","48",""
"SURVEY","2000","YEAR","","COUNTY","NEBRASKA","31","EAST","60","DOUGLAS","055","","","00000000","","SOYBEANS","SOYBEANS, NON-IRRIGATED - YIELD, MEASURED IN BU / ACRE","TOTAL","NOT SPECIFIED","40",""
"SURVEY","1999","YEAR","","COUNTY","NEBRASKA","31","EAST","60","DOUGLAS","055","","","00000000","","SOYBEANS","SOYBEANS - YIELD, MEASURED IN BU / ACRE","TOTAL","NOT SPECIFIED","41.8",""
"SURVEY","1999","YEAR","","COUNTY","NEBRASKA","31","EAST","60","DOUGLAS","055","","","00000000","","SOYBEANS","SOYBEANS, IRRIGATED - YIELD, MEASURED IN BU / ACRE","TOTAL","NOT SPECIFIED","46",""
"SURVEY","1999","YEAR","","COUNTY","NEBRASKA","31","EAST","60","DOUGLAS","055","","","00000000","","SOYBEANS","SOYBEANS, NON-IRRIGATED - YIELD, MEASURED IN BU / ACRE","TOTAL","NOT SPECIFIED","41",""
"SURVEY","1998","YEAR","","COUNTY","NEBRASKA","31","EAST","60","DOUGLAS","055","","","00000000","","SOYBEANS","SOYBEANS - YIELD, MEASURED IN BU / ACRE","TOTAL","NOT SPECIFIED","42.2",""
"SURVEY","1998","YEAR","","COUNTY","NEBRASKA","31","EAST","60","DOUGLAS","055","","","00000000","","SOYBEANS","SOYBEANS, IRRIGATED - YIELD, MEASURED IN BU / ACRE","TOTAL","NOT SPECIFIED","49",""
"SURVEY","1998","YEAR","","COUNTY","NEBRASKA","31","EAST","60","DOUGLAS","055","","","00000000","","SOYBEANS","SOYBEANS, NON-IRRIGATED - YIELD, MEASURED IN BU / ACRE","TOTAL","NOT SPECIFIED","41.5",""
"SURVEY","1997","YEAR","","COUNTY","NEBRASKA","31","EAST","60","DOUGLAS","055","","","00000000","","SOYBEANS","SOYBEANS - YIELD, MEASURED IN BU / ACRE","TOTAL","NOT SPECIFIED","40",""
"SURVEY","1997","YEAR","","COUNTY","NEBRASKA","31","EAST","60","DOUGLAS","055","","","00000000","","SOYBEANS","SOYBEANS, IRRIGATED - YIELD, MEASURED IN BU / ACRE","TOTAL","NOT SPECIFIED","56",""
"SURVEY","1997","YEAR","","COUNTY","NEBRASKA","31","EAST","60","DOUGLAS","055","","","00000000","","SOYBEANS","SOYBEANS, NON-IRRIGATED - YIELD, MEASURED IN BU / ACRE","TOTAL","NOT SPECIFIED","39",""
"SURVEY","1996","YEAR","","COUNTY","NEBRASKA","31","EAST","60","DOUGLAS","055","","","00000000","","SOYBEANS","SOYBEANS - YIELD, MEASURED IN BU / ACRE","TOTAL","NOT SPECIFIED","40.7",""
"SURVEY","1996","YEAR","","COUNTY","NEBRASKA","31","EAST","60","DOUGLAS","055","","","00000000","","SOYBEANS","SOYBEANS, IRRIGATED - YIELD, MEASURED IN BU / ACRE","TOTAL","NOT SPECIFIED","47",""
"SURVEY","1996","YEAR","","COUNTY","NEBRASKA","31","EAST","60","DOUGLAS","055","","","00000000","","SOYBEANS","SOYBEANS, NON-IRRIGATED - YIELD, MEASURED IN BU / ACRE","TOTAL","NOT SPECIFIED","40",""
"SURVEY","1995","YEAR","","COUNTY","NEBRASKA","31","EAST","60","DOUGLAS","055","","","00000000","","SOYBEANS","SOYBEANS - YIELD, MEASURED IN BU / ACRE","TOTAL","NOT SPECIFIED","28.2",""
"SURVEY","1995","YEAR","","COUNTY","NEBRASKA","31","EAST","60","DOUGLAS","055","","","00000000","","SOYBEANS","SOYBEANS, IRRIGATED - YIELD, MEASURED IN BU / ACRE","TOTAL","NOT SPECIFIED","37",""
"SURVEY","1995","YEAR","","COUNTY","NEBRASKA","31","EAST","60","DOUGLAS","055","","","00000000","","SOYBEANS","SOYBEANS, NON-IRRIGATED - YIELD, MEASURED IN BU / ACRE","TOTAL","NOT SPECIFIED","27",""
"SURVEY","1994","YEAR","","COUNTY","NEBRASKA","31","EAST","60","DOUGLAS","055","","","00000000","","SOYBEANS","SOYBEANS - YIELD, MEASURED IN BU / ACRE","TOTAL","NOT SPECIFIED","46.7",""
"SURVEY","1994","YEAR","","COUNTY","NEBRASKA","31","EAST","60","DOUGLAS","055","","","00000000","","SOYBEANS","SOYBEANS, IRRIGATED - YIELD, MEASURED IN BU / ACRE","TOTAL","NOT SPECIFIED","54",""
"SURVEY","1994","YEAR","","COUNTY","NEBRASKA","31","EAST","60","DOUGLAS","055","","","00000000","","SOYBEANS","SOYBEANS, NON-IRRIGATED - YIELD, MEASURED IN BU / ACRE","TOTAL","NOT SPECIFIED","46",""
"SURVEY","1993","YEAR","","COUNTY","NEBRASKA","31","EAST","60","DOUGLAS","055","","","00000000","","SOYBEANS","SOYBEANS - YIELD, MEASURED IN BU / ACRE","TOTAL","NOT SPECIFIED","34.5",""
"SURVEY","1993","YEAR","","COUNTY","NEBRASKA","31","EAST","60","DOUGLAS","055","","","00000000","","SOYBEANS","SOYBEANS, IRRIGATED - YIELD, MEASURED IN BU / ACRE","TOTAL","NOT SPECIFIED","40",""
"SURVEY","1993","YEAR","","COUNTY","NEBRASKA","31","EAST","60","DOUGLAS","055","","","00000000","","SOYBEANS","SOYBEANS, NON-IRRIGATED - YIELD, MEASURED IN BU / ACRE","TOTAL","NOT SPECIFIED","34",""
"SURVEY","1992","YEAR","","COUNTY","NEBRASKA","31","EAST","60","DOUGLAS","055","","","00000000","","SOYBEANS","SOYBEANS - YIELD, MEASURED IN BU / ACRE","TOTAL","NOT SPECIFIED","42",""
"SURVEY","1992","YEAR","","COUNTY","NEBRASKA","31","EAST","60","DOUGLAS","055","","","00000000","","SOYBEANS","SOYBEANS, IRRIGATED - YIELD, MEASURED IN BU / ACRE","TOTAL","NOT SPECIFIED","42",""
"SURVEY","1992","YEAR","","COUNTY","NEBRASKA","31","EAST","60","DOUGLAS","055","","","00000000","","SOYBEANS","SOYBEANS, NON-IRRIGATED - YIELD, MEASURED IN BU / ACRE","TOTAL","NOT SPECIFIED","42",""
"SURVEY","1991","YEAR","","COUNTY","NEBRASKA","31","EAST","60","DOUGLAS","055","","","00000000","","SOYBEANS","SOYBEANS - YIELD, MEASURED IN BU / ACRE","TOTAL","NOT SPECIFIED","38.5",""
"SURVEY","1991","YEAR","","COUNTY","NEBRASKA","31","EAST","60","DOUGLAS","055","","","00000000","","SOYBEANS","SOYBEANS, IRRIGATED - YIELD, MEASURED IN BU / ACRE","TOTAL","NOT SPECIFIED","46",""
"SURVEY","1991","YEAR","","COUNTY","NEBRASKA","31","EAST","60","DOUGLAS","055","","","00000000","","SOYBEANS","SOYBEANS, NON-IRRIGATED - YIELD, MEASURED IN BU / ACRE","TOTAL","NOT SPECIFIED","38",""
"SURVEY","1990","YEAR","","COUNTY","NEBRASKA","31","EAST","60","DOUGLAS","055","","","00000000","","SOYBEANS","SOYBEANS - YIELD, MEASURED IN BU / ACRE","TOTAL","NOT SPECIFIED","33.7",""
"SURVEY","1990","YEAR","","COUNTY","NEBRASKA","31","EAST","60","DOUGLAS","055","","","00000000","","SOYBEANS","SOYBEANS, IRRIGATED - YIELD, MEASURED IN BU / ACRE","TOTAL","NOT SPECIFIED","45",""
"SURVEY","1990","YEAR","","COUNTY","NEBRASKA","31","EAST","60","DOUGLAS","055","","","00000000","","SOYBEANS","SOYBEANS, NON-IRRIGATED - YIELD, MEASURED IN BU / ACRE","TOTAL","NOT SPECIFIED","33",""
"SURVEY","1989","YEAR","","COUNTY","NEBRASKA","31","EAST","60","DOUGLAS","055","","","00000000","","SOYBEANS","SOYBEANS - YIELD, MEASURED IN BU / ACRE","TOTAL","NOT SPECIFIED","30.2",""
"SURVEY","1989","YEAR","","COUNTY","NEBRASKA","31","EAST","60","DOUGLAS","055","","","00000000","","SOYBEANS","SOYBEANS, IRRIGATED - YIELD, MEASURED IN BU / ACRE","TOTAL","NOT SPECIFIED","48",""
"SURVEY","1989","YEAR","","COUNTY","NEBRASKA","31","EAST","60","DOUGLAS","055","","","00000000","","SOYBEANS","SOYBEANS, NON-IRRIGATED - YIELD, MEASURED IN BU / ACRE","TOTAL","NOT SPECIFIED","29",""
"SURVEY","1988","YEAR","","COUNTY","NEBRASKA","31","EAST","60","DOUGLAS","055","","","00000000","","SOYBEANS","SOYBEANS - YIELD, MEASURED IN BU / ACRE","TOTAL","NOT SPECIFIED","28.1",""
"SURVEY","1988","YEAR","","COUNTY","NEBRASKA","31","EAST","60","DOUGLAS","055","","","00000000","","SOYBEANS","SOYBEANS, IRRIGATED - YIELD, MEASURED IN BU / ACRE","TOTAL","NOT SPECIFIED","45",""
"SURVEY","1988","YEAR","","COUNTY","NEBRASKA","31","EAST","60","DOUGLAS","055","","","00000000","","SOYBEANS","SOYBEANS, NON-IRRIGATED - YIELD, MEASURED IN BU / ACRE","TOTAL","NOT SPECIFIED","27",""
"SURVEY","1987","YEAR","","COUNTY","NEBRASKA","31","EAST","60","DOUGLAS","055","","","00000000","","SOYBEANS","SOYBEANS - YIELD, MEASURED IN BU / ACRE","TOTAL","NOT SPECIFIED","38.4",""
"SURVEY","1987","YEAR","","COUNTY","NEBRASKA","31","EAST","60","DOUGLAS","055","","","00000000","","SOYBEANS","SOYBEANS, IRRIGATED - YIELD, MEASURED IN BU / ACRE","TOTAL","NOT SPECIFIED","43",""
"SURVEY","1987","YEAR","","COUNTY","NEBRASKA","31","EAST","60","DOUGLAS","055","","","00000000","","SOYBEANS","SOYBEANS, NON-IRRIGATED - YIELD, MEASURED IN BU / ACRE","TOTAL","NOT SPECIFIED","38",""
"SURVEY","1986","YEAR","","COUNTY","NEBRASKA","31","EAST","60","DOUGLAS","055","","","00000000","","SOYBEANS","SOYBEANS - YIELD, MEASURED IN BU / ACRE","TOTAL","NOT SPECIFIED","41.1",""
"SURVEY","1986","YEAR","","COUNTY","NEBRASKA","31","EAST","60","DOUGLAS","055","","","00000000","","SOYBEANS","SOYBEANS, IRRIGATED - YIELD, MEASURED IN BU / ACRE","TOTAL","NOT SPECIFIED","43",""
"SURVEY","1986","YEAR","","COUNTY","NEBRASKA","31","EAST","60","DOUGLAS","055","","","00000000","","SOYBEANS","SOYBEANS, NON-IRRIGATED - YIELD, MEASURED IN BU / ACRE","TOTAL","NOT SPECIFIED","41",""
"SURVEY","1985","YEAR","","COUNTY","NEBRASKA","31","EAST","60","DOUGLAS","055","","","00000000","","SOYBEANS","SOYBEANS - YIELD, MEASURED IN BU / ACRE","TOTAL","NOT SPECIFIED","37.2",""
"SURVEY","1985","YEAR","","COUNTY","NEBRASKA","31","EAST","60","DOUGLAS","055","","","00000000","","SOYBEANS","SOYBEANS, IRRIGATED - YIELD, MEASURED IN BU / ACRE","TOTAL","NOT SPECIFIED","41",""
"SURVEY","1985","YEAR","","COUNTY","NEBRASKA","31","EAST","60","DOUGLAS","055","","","00000000","","SOYBEANS","SOYBEANS, NON-IRRIGATED - YIELD, MEASURED IN BU / ACRE","TOTAL","NOT SPECIFIED","37",""
"SURVEY","1984","YEAR","","COUNTY","NEBRASKA","31","EAST","60","DOUGLAS","055","","","00000000","","SOYBEANS","SOYBEANS - YIELD, MEASURED IN BU / ACRE","TOTAL","NOT SPECIFIED","21.3",""
"SURVEY","1984","YEAR","","COUNTY","NEBRASKA","31","EAST","60","DOUGLAS","055","","","00000000","","SOYBEANS","SOYBEANS, IRRIGATED - YIELD, MEASURED IN BU / ACRE","TOTAL","NOT SPECIFIED","27",""
"SURVEY","1984","YEAR","","COUNTY","NEBRASKA","31","EAST","60","DOUGLAS","055","","","00000000","","SOYBEANS","SOYBEANS, NON-IRRIGATED - YIELD, MEASURED IN BU / ACRE","TOTAL","NOT SPECIFIED","21",""
"SURVEY","1983","YEAR","","COUNTY","NEBRASKA","31","EAST","60","DOUGLAS","055","","","00000000","","SOYBEANS","SOYBEANS - YIELD, MEASURED IN BU / ACRE","TOTAL","NOT SPECIFIED","31.8",""
"SURVEY","1983","YEAR","","COUNTY","NEBRASKA","31","EAST","60","DOUGLAS","055","","","00000000","","SOYBEANS","SOYBEANS, IRRIGATED - YIELD, MEASURED IN BU / ACRE","TOTAL","NOT SPECIFIED","42",""
"SURVEY","1983","YEAR","","COUNTY","NEBRASKA","31","EAST","60","DOUGLAS","055","","","00000000","","SOYBEANS","SOYBEANS, NON-IRRIGATED - YIELD, MEASURED IN BU / ACRE","TOTAL","NOT SPECIFIED","30",""
"SURVEY","1982","YEAR","","COUNTY","NEBRASKA","31","EAST","60","DOUGLAS","055","","","00000000","","SOYBEANS","SOYBEANS - YIELD, MEASURED IN BU / ACRE","TOTAL","NOT SPECIFIED","33.1",""
"SURVEY","1982","YEAR","","COUNTY","NEBRASKA","31","EAST","60","DOUGLAS","055","","","00000000","","SOYBEANS","SOYBEANS, IRRIGATED - YIELD, MEASURED IN BU / ACRE","TOTAL","NOT SPECIFIED","37",""
"SURVEY","1982","YEAR","","COUNTY","NEBRASKA","31","EAST","60","DOUGLAS","055","","","00000000","","SOYBEANS","SOYBEANS, NON-IRRIGATED - YIELD, MEASURED IN BU / ACRE","TOTAL","NOT SPECIFIED","33",""
"SURVEY","1981","YEAR","","COUNTY","NEBRASKA","31","EAST","60","DOUGLAS","055","","","00000000","","SOYBEANS","SOYBEANS - YIELD, MEASURED IN BU / ACRE","TOTAL","NOT SPECIFIED","36.2",""
"SURVEY","1981","YEAR","","COUNTY","NEBRASKA","31","EAST","60","DOUGLAS","055","","","00000000","","SOYBEANS","SOYBEANS, IRRIGATED - YIELD, MEASURED IN BU / ACRE","TOTAL","NOT SPECIFIED","44",""
"SURVEY","1981","YEAR","","COUNTY","NEBRASKA","31","EAST","60","DOUGLAS","055","","","00000000","","SOYBEANS","SOYBEANS, NON-IRRIGATED - YIELD, MEASURED IN BU / ACRE","TOTAL","NOT SPECIFIED","36",""
"SURVEY","1980","YEAR","","COUNTY","NEBRASKA","31","EAST","60","DOUGLAS","055","","","00000000","","SOYBEANS","SOYBEANS - YIELD, MEASURED IN BU / ACRE","TOTAL","NOT SPECIFIED","30.3",""
"SURVEY","1980","YEAR","","COUNTY","NEBRASKA","31","EAST","60","DOUGLAS","055","","","00000000","","SOYBEANS","SOYBEANS, IRRIGATED - YIELD, MEASURED IN BU / ACRE","TOTAL","NOT SPECIFIED","39",""
"SURVEY","1980","YEAR","","COUNTY","NEBRASKA","31","EAST","60","DOUGLAS","055","","","00000000","","SOYBEANS","SOYBEANS, NON-IRRIGATED - YIELD, MEASURED IN BU / ACRE","TOTAL","NOT SPECIFIED","30",""
"SURVEY","1979","YEAR","","COUNTY","NEBRASKA","31","EAST","60","DOUGLAS","055","","","00000000","","SOYBEANS","SOYBEANS - YIELD, MEASURED IN BU / ACRE","TOTAL","NOT SPECIFIED","31.2",""
"SURVEY","1979","YEAR","","COUNTY","NEBRASKA","31","EAST","60","DOUGLAS","055","","","00000000","","SOYBEANS","SOYBEANS, IRRIGATED - YIELD, MEASURED IN BU / ACRE","TOTAL","NOT SPECIFIED","39",""
"SURVEY","1979","YEAR","","COUNTY","NEBRASKA","31","EAST","60","DOUGLAS","055","","","00000000","","SOYBEANS","SOYBEANS, NON-IRRIGATED - YIELD, MEASURED IN BU / ACRE","TOTAL","NOT SPECIFIED","31",""
"SURVEY","1978","YEAR","","COUNTY","NEBRASKA","31","EAST","60","DOUGLAS","055","","","00000000","","SOYBEANS","SOYBEANS - YIELD, MEASURED IN BU / ACRE","TOTAL","NOT SPECIFIED","35.1",""
"SURVEY","1978","YEAR","","COUNTY","NEBRASKA","31","EAST","60","DOUGLAS","055","","","00000000","","SOYBEANS","SOYBEANS, IRRIGATED - YIELD, MEASURED IN BU / ACRE","TOTAL","NOT SPECIFIED","41",""
"SURVEY","1978","YEAR","","COUNTY","NEBRASKA","31","EAST","60","DOUGLAS","055","","","00000000","","SOYBEANS","SOYBEANS, NON-IRRIGATED - YIELD, MEASURED IN BU / ACRE","TOTAL","NOT SPECIFIED","35",""
"SURVEY","1977","YEAR","","COUNTY","NEBRASKA","31","EAST","60","DOUGLAS","055","","","00000000","","SOYBEANS","SOYBEANS - YIELD, MEASURED IN BU / ACRE","TOTAL","NOT SPECIFIED","35.1",""
"SURVEY","1977","YEAR","","COUNTY","NEBRASKA","31","EAST","60","DOUGLAS","055","","","00000000","","SOYBEANS","SOYBEANS, IRRIGATED - YIELD, MEASURED IN BU / ACRE","TOTAL","NOT SPECIFIED","40",""
"SURVEY","1977","YEAR","","COUNTY","NEBRASKA","31","EAST","60","DOUGLAS","055","","","00000000","","SOYBEANS","SOYBEANS, NON-IRRIGATED - YIELD, MEASURED IN BU / ACRE","TOTAL","NOT SPECIFIED","35",""
"SURVEY","1976","YEAR","","COUNTY","NEBRASKA","31","EAST","60","DOUGLAS","055","","","00000000","","SOYBEANS","SOYBEANS - YIELD, MEASURED IN BU / ACRE","TOTAL","NOT SPECIFIED","22.2",""
"SURVEY","1976","YEAR","","COUNTY","NEBRASKA","31","EAST","60","DOUGLAS","055","","","00000000","","SOYBEANS","SOYBEANS, IRRIGATED - YIELD, MEASURED IN BU / ACRE","TOTAL","NOT SPECIFIED","33",""
"SURVEY","1976","YEAR","","COUNTY","NEBRASKA","31","EAST","60","DOUGLAS","055","","","00000000","","SOYBEANS","SOYBEANS, NON-IRRIGATED - YIELD, MEASURED IN BU / ACRE","TOTAL","NOT SPECIFIED","22",""
"SURVEY","1975","YEAR","","COUNTY","NEBRASKA","31","EAST","60","DOUGLAS","055","","","00000000","","SOYBEANS","SOYBEANS - YIELD, MEASURED IN BU / ACRE","TOTAL","NOT SPECIFIED","23.1",""
"SURVEY","1975","YEAR","","COUNTY","NEBRASKA","31","EAST","60","DOUGLAS","055","","","00000000","","SOYBEANS","SOYBEANS, IRRIGATED - YIELD, MEASURED IN BU / ACRE","TOTAL","NOT SPECIFIED","28",""
"SURVEY","1975","YEAR","","COUNTY","NEBRASKA","31","EAST","60","DOUGLAS","055","","","00000000","","SOYBEANS","SOYBEANS, NON-IRRIGATED - YIELD, MEASURED IN BU / ACRE","TOTAL","NOT SPECIFIED","23",""
"SURVEY","1974","YEAR","","COUNTY","NEBRASKA","31","EAST","60","DOUGLAS","055","","","00000000","","SOYBEANS","SOYBEANS - YIELD, MEASURED IN BU / ACRE","TOTAL","NOT SPECIFIED","27.1",""
"SURVEY","1974","YEAR","","COUNTY","NEBRASKA","31","EAST","60","DOUGLAS","055","","","00000000","","SOYBEANS","SOYBEANS, IRRIGATED - YIELD, MEASURED IN BU / ACRE","TOTAL","NOT SPECIFIED","31",""
"SURVEY","1974","YEAR","","COUNTY","NEBRASKA","31","EAST","60","DOUGLAS","055","","","00000000","","SOYBEANS","SOYBEANS, NON-IRRIGATED - YIELD, MEASURED IN BU / ACRE","TOTAL","NOT SPECIFIED","27",""
"SURVEY","1973","YEAR","","COUNTY","NEBRASKA","31","EAST","60","DOUGLAS","055","","","00000000","","SOYBEANS","SOYBEANS - YIELD, MEASURED IN BU / ACRE","TOTAL","NOT SPECIFIED","30.1",""
"SURVEY","1973","YEAR","","COUNTY","NEBRASKA","31","EAST","60","DOUGLAS","055","","","00000000","","SOYBEANS","SOYBEANS, IRRIGATED - YIELD, MEASURED IN BU / ACRE","TOTAL","NOT SPECIFIED","36",""
"SURVEY","1973","YEAR","","COUNTY","NEBRASKA","31","EAST","60","DOUGLAS","055","","","00000000","","SOYBEANS","SOYBEANS, NON-IRRIGATED - YIELD, MEASURED IN BU / ACRE","TOTAL","NOT SPECIFIED","30",""
"SURVEY","1972","YEAR","","COUNTY","NEBRASKA","31","EAST","60","DOUGLAS","055","","","00000000","","SOYBEANS","SOYBEANS - YIELD, MEASURED IN BU / ACRE","TOTAL","NOT SPECIFIED","32",""
"SURVEY","1972","YEAR","","COUNTY","NEBRASKA","31","EAST","60","DOUGLAS","055","","","00000000","","SOYBEANS","SOYBEANS, NON-IRRIGATED - YIELD, MEASURED IN BU / ACRE","TOTAL","NOT SPECIFIED","32",""
"SURVEY","1971","YEAR","","COUNTY","NEBRASKA","31","EAST","60","DOUGLAS","055","","","00000000","","SOYBEANS","SOYBEANS - YIELD, MEASURED IN BU / ACRE","TOTAL","NOT SPECIFIED","27",""
"SURVEY","1971","YEAR","","COUNTY","NEBRASKA","31","EAST","60","DOUGLAS","055","","","00000000","","SOYBEANS","SOYBEANS, IRRIGATED - YIELD, MEASURED IN BU / ACRE","TOTAL","NOT SPECIFIED","35",""
"SURVEY","1971","YEAR","","COUNTY","NEBRASKA","31","EAST","60","DOUGLAS","055","","","00000000","","SOYBEANS","SOYBEANS, NON-IRRIGATED - YIELD, MEASURED IN BU / ACRE","TOTAL","NOT SPECIFIED","27",""
"SURVEY","1970","YEAR","","COUNTY","NEBRASKA","31","EAST","60","DOUGLAS","055","","","00000000","","SOYBEANS","SOYBEANS - YIELD, MEASURED IN BU / ACRE","TOTAL","NOT SPECIFIED","26",""
"SURVEY","1970","YEAR","","COUNTY","NEBRASKA","31","EAST","60","DOUGLAS","055","","","00000000","","SOYBEANS","SOYBEANS, IRRIGATED - YIELD, MEASURED IN BU / ACRE","TOTAL","NOT SPECIFIED","35",""
"SURVEY","1970","YEAR","","COUNTY","NEBRASKA","31","EAST","60","DOUGLAS","055","","","00000000","","SOYBEANS","SOYBEANS, NON-IRRIGATED - YIELD, MEASURED IN BU / ACRE","TOTAL","NOT SPECIFIED","26",""
"SURVEY","1969","YEAR","","COUNTY","NEBRASKA","31","EAST","60","DOUGLAS","055","","","00000000","","SOYBEANS","SOYBEANS - YIELD, MEASURED IN BU / ACRE","TOTAL","NOT SPECIFIED","34",""
"SURVEY","1969","YEAR","","COUNTY","NEBRASKA","31","EAST","60","DOUGLAS","055","","","00000000","","SOYBEANS","SOYBEANS, IRRIGATED - YIELD, MEASURED IN BU / ACRE","TOTAL","NOT SPECIFIED","40",""
"SURVEY","1969","YEAR","","COUNTY","NEBRASKA","31","EAST","60","DOUGLAS","055","","","00000000","","SOYBEANS","SOYBEANS, NON-IRRIGATED - YIELD, MEASURED IN BU / ACRE","TOTAL","NOT SPECIFIED","34",""
"SURVEY","1968","YEAR","","COUNTY","NEBRASKA","31","EAST","60","DOUGLAS","055","","","00000000","","SOYBEANS","SOYBEANS - YIELD, MEASURED IN BU / ACRE","TOTAL","NOT SPECIFIED","24",""
"SURVEY","1968","YEAR","","COUNTY","NEBRASKA","31","EAST","60","DOUGLAS","055","","","00000000","","SOYBEANS","SOYBEANS, IRRIGATED - YIELD, MEASURED IN BU / ACRE","TOTAL","NOT SPECIFIED","30",""
"SURVEY","1968","YEAR","","COUNTY","NEBRASKA","31","EAST","60","DOUGLAS","055","","","00000000","","SOYBEANS","SOYBEANS, NON-IRRIGATED - YIELD, MEASURED IN BU / ACRE","TOTAL","NOT SPECIFIED","24",""
"SURVEY","1967","YEAR","","COUNTY","NEBRASKA","31","EAST","60","DOUGLAS","055","","","00000000","","SOYBEANS","SOYBEANS - YIELD, MEASURED IN BU / ACRE","TOTAL","NOT SPECIFIED","28",""
"SURVEY","1967","YEAR","","COUNTY","NEBRASKA","31","EAST","60","DOUGLAS","055","","","00000000","","SOYBEANS","SOYBEANS, IRRIGATED - YIELD, MEASURED IN BU / ACRE","TOTAL","NOT SPECIFIED","39",""
"SURVEY","1967","YEAR","","COUNTY","NEBRASKA","31","EAST","60","DOUGLAS","055","","","00000000","","SOYBEANS","SOYBEANS, NON-IRRIGATED - YIELD, MEASURED IN BU / ACRE","TOTAL","NOT SPECIFIED","28",""
"SURVEY","1966","YEAR","","COUNTY","NEBRASKA","31","EAST","60","DOUGLAS","055","","","00000000","","SOYBEANS","SOYBEANS - YIELD, MEASURED IN BU / ACRE","TOTAL","NOT SPECIFIED","31",""
"SURVEY","1966","YEAR","","COUNTY","NEBRASKA","31","EAST","60","DOUGLAS","055","","","00000000","","SOYBEANS","SOYBEANS, NON-IRRIGATED - YIELD, MEASURED IN BU / ACRE","TOTAL","NOT SPECIFIED","31",""
"SURVEY","1965","YEAR","","COUNTY","NEBRASKA","31","EAST","60","DOUGLAS","055","","","00000000","","SOYBEANS","SOYBEANS - YIELD, MEASURED IN BU / ACRE","TOTAL","NOT SPECIFIED","25",""
"SURVEY","1965","YEAR","","COUNTY","NEBRASKA","31","EAST","60","DOUGLAS","055","","","00000000","","SOYBEANS","SOYBEANS, NON-IRRIGATED - YIELD, MEASURED IN BU / ACRE","TOTAL","NOT SPECIFIED","25",""
"SURVEY","1964","YEAR","","COUNTY","NEBRASKA","31","EAST","60","DOUGLAS","055","","","00000000","","SOYBEANS","SOYBEANS - YIELD, MEASURED IN BU / ACRE","TOTAL","NOT SPECIFIED","22",""
"SURVEY","1964","YEAR","","COUNTY","NEBRASKA","31","EAST","60","DOUGLAS","055","","","00000000","","SOYBEANS","SOYBEANS, NON-IRRIGATED - YIELD, MEASURED IN BU / ACRE","TOTAL","NOT SPECIFIED","22",""
"SURVEY","1963","YEAR","","COUNTY","NEBRASKA","31","EAST","60","DOUGLAS","055","","","00000000","","SOYBEANS","SOYBEANS - YIELD, MEASURED IN BU / ACRE","TOTAL","NOT SPECIFIED","30",""
"SURVEY","1963","YEAR","","COUNTY","NEBRASKA","31","EAST","60","DOUGLAS","055","","","00000000","","SOYBEANS","SOYBEANS, NON-IRRIGATED - YIELD, MEASURED IN BU / ACRE","TOTAL","NOT SPECIFIED","30",""
"SURVEY","1962","YEAR","","COUNTY","NEBRASKA","31","EAST","60","DOUGLAS","055","","","00000000","","SOYBEANS","SOYBEANS - YIELD, MEASURED IN BU / ACRE","TOTAL","NOT SPECIFIED","28",""
"SURVEY","1962","YEAR","","COUNTY","NEBRASKA","31","EAST","60","DOUGLAS","055","","","00000000","","SOYBEANS","SOYBEANS, NON-IRRIGATED - YIELD, MEASURED IN BU / ACRE","TOTAL","NOT SPECIFIED","28",""
"SURVEY","1961","YEAR","","COUNTY","NEBRASKA","31","EAST","60","DOUGLAS","055","","","00000000","","SOYBEANS","SOYBEANS - YIELD, MEASURED IN BU / ACRE","TOTAL","NOT SPECIFIED","26",""
"SURVEY","1961","YEAR","","COUNTY","NEBRASKA","31","EAST","60","DOUGLAS","055","","","00000000","","SOYBEANS","SOYBEANS, IRRIGATED - YIELD, MEASURED IN BU / ACRE","TOTAL","NOT SPECIFIED","30",""
"SURVEY","1961","YEAR","","COUNTY","NEBRASKA","31","EAST","60","DOUGLAS","055","","","00000000","","SOYBEANS","SOYBEANS, NON-IRRIGATED - YIELD, MEASURED IN BU / ACRE","TOTAL","NOT SPECIFIED","26",""
"SURVEY","1960","YEAR","","COUNTY","NEBRASKA","31","EAST","60","DOUGLAS","055","","","00000000","","SOYBEANS","SOYBEANS - YIELD, MEASURED IN BU / ACRE","TOTAL","NOT SPECIFIED","33",""
"SURVEY","1960","YEAR","","COUNTY","NEBRASKA","31","EAST","60","DOUGLAS","055","","","00000000","","SOYBEANS","SOYBEANS, IRRIGATED - YIELD, MEASURED IN BU / ACRE","TOTAL","NOT SPECIFIED","36",""
"SURVEY","1960","YEAR","","COUNTY","NEBRASKA","31","EAST","60","DOUGLAS","055","","","00000000","","SOYBEANS","SOYBEANS, NON-IRRIGATED - YIELD, MEASURED IN BU / ACRE","TOTAL","NOT SPECIFIED","33",""
